timestamp,message_index,ranges_size,intensities_size,angle_min,angle_max,angle_increment,declared_span_rad,indexed_span_rad,declared_span_deg,indexed_span_deg,scan_time,time_increment,range_min,range_max,finite_count,finite_ratio,frame_id,timestamp_monotonic,input_rate_hz,publisher_count,classification
1785679176.768288851,1,1076,1076,-3.124139309,3.141592741,0.005828588,6.265732050,6.265731889,359.000002022,358.999992817,0.133906960,0.000124565,0.150000006,12.000000000,803,0.746282528,"laser_frame",true,0.000000000,1,FULL_REVOLUTION
1785679176.916958809,2,1073,1073,-3.124139309,3.141592741,0.005844899,6.265732050,6.265731715,359.000002022,358.999982812,0.147143170,0.000137260,0.150000006,12.000000000,804,0.749301025,"laser_frame",true,6.624019463,1,FULL_REVOLUTION
1785679177.050729990,3,1071,1071,-3.124139309,3.141592741,0.005855824,6.265732050,6.265732036,359.000002022,359.000001221,0.130212352,0.000121694,0.150000006,12.000000000,804,0.750700280,"laser_frame",true,6.823433480,1,FULL_REVOLUTION
1785679177.185934305,4,1068,1068,-3.124139309,3.141592741,0.005872288,6.265732050,6.265731566,359.000002022,358.999974301,0.134117618,0.000125696,0.150000006,12.000000000,798,0.747191011,"laser_frame",true,6.937863104,1,FULL_REVOLUTION
1785679177.321914196,5,1062,1062,-3.124139309,3.141592741,0.005905496,6.265732050,6.265731704,359.000002022,358.999982198,0.134856790,0.000127103,0.150000006,12.000000000,799,0.752354049,"laser_frame",true,7.019540707,1,FULL_REVOLUTION
1785679177.456148386,6,1069,1069,-3.124139309,3.141592741,0.005866790,6.265732050,6.265731923,359.000002022,358.999994764,0.131803781,0.000123412,0.150000006,12.000000000,805,0.753040225,"laser_frame",true,7.107338064,1,FULL_REVOLUTION
1785679177.591621161,7,1070,1070,-3.124139309,3.141592741,0.005861302,6.265732050,6.265731738,359.000002022,358.999984146,0.134571999,0.000125886,0.150000006,12.000000000,807,0.754205607,"laser_frame",true,7.146836485,1,FULL_REVOLUTION
1785679177.726306200,8,1072,1072,-3.124139309,3.141592741,0.005850357,6.265732050,6.265731852,359.000002022,358.999990682,0.131843835,0.000123103,0.150000006,12.000000000,795,0.741604478,"laser_frame",true,7.218199751,1,FULL_REVOLUTION
1785679177.873520136,9,1070,1070,-3.124139309,3.141592741,0.005861302,6.265732050,6.265731738,359.000002022,358.999984146,0.146353930,0.000136907,0.150000006,12.000000000,802,0.749532710,"laser_frame",true,7.133219050,1,FULL_REVOLUTION
1785679178.009530544,10,1064,1064,-3.124139309,3.141592741,0.005894386,6.265732050,6.265732046,359.000002022,359.000001781,0.134903625,0.000126908,0.150000006,12.000000000,801,0.752819549,"laser_frame",true,7.150593465,1,FULL_REVOLUTION
1785679178.143941402,11,1063,1063,-3.124139309,3.141592741,0.005899936,6.265732050,6.265731990,359.000002022,358.999998606,0.131007567,0.000123359,0.150000006,12.000000000,799,0.751646284,"laser_frame",true,7.207693569,1,FULL_REVOLUTION
1785679178.279789686,12,1065,1065,-3.124139309,3.141592741,0.005888846,6.265732050,6.265731901,359.000002022,358.999993484,0.132287562,0.000124330,0.150000006,12.000000000,800,0.751173709,"laser_frame",true,7.266520776,1,FULL_REVOLUTION
1785679178.415333271,13,1068,1068,-3.124139309,3.141592741,0.005872288,6.265732050,6.265731566,359.000002022,358.999974301,0.134671077,0.000126215,0.150000006,12.000000000,798,0.747191011,"laser_frame",true,6.274364487,1,FULL_REVOLUTION
1785679178.549220085,14,1070,1070,-3.124139309,3.141592741,0.005861302,6.265732050,6.265731738,359.000002022,358.999984146,0.131893709,0.000123380,0.150000006,12.000000000,802,0.749532710,"laser_frame",true,381.838349112,1,FULL_REVOLUTION
1785679178.684298277,15,1070,1070,-3.124139309,3.141592741,0.005861302,6.265732050,6.265731738,359.000002022,358.999984146,0.131034851,0.000122577,0.150000006,12.000000000,796,0.743925234,"laser_frame",true,1095.637839152,1,FULL_REVOLUTION
1785679178.819703579,16,1069,1069,-3.124139309,3.141592741,0.005866790,6.265732050,6.265731923,359.000002022,358.999994764,0.134532124,0.000125966,0.150000006,12.000000000,798,0.746492049,"laser_frame",true,878.406732938,1,FULL_REVOLUTION
1785679178.954738617,17,1071,1071,-3.124139309,3.141592741,0.005855824,6.265732050,6.265732036,359.000002022,359.000001221,0.133911341,0.000125151,0.150000006,12.000000000,802,0.748832866,"laser_frame",true,704.207430163,1,FULL_REVOLUTION
1785679179.101815224,18,1069,1069,-3.124139309,3.141592741,0.005866790,6.265732050,6.265731923,359.000002022,358.999994764,0.146199882,0.000136891,0.150000006,12.000000000,796,0.744621141,"laser_frame",true,564.724780642,1,FULL_REVOLUTION
1785679179.236857653,19,1072,1072,-3.124139309,3.141592741,0.005850357,6.265732050,6.265731852,359.000002022,358.999990682,0.133829683,0.000124958,0.150000006,12.000000000,807,0.752798507,"laser_frame",true,453.261188539,1,FULL_REVOLUTION
1785679179.376252651,20,1074,1074,-3.124139309,3.141592741,0.005839452,6.265732050,6.265731655,359.000002022,358.999979370,0.138282165,0.000128874,0.150000006,12.000000000,809,0.753258845,"laser_frame",true,364.043156640,1,FULL_REVOLUTION
1785679179.507284403,21,1074,1074,-3.124139309,3.141592741,0.005839452,6.265732050,6.265731655,359.000002022,358.999979370,0.129806265,0.000120975,0.150000006,12.000000000,801,0.745810056,"laser_frame",true,292.761565809,1,FULL_REVOLUTION
1785679179.642348289,22,1072,1072,-3.124139309,3.141592741,0.005850357,6.265732050,6.265731852,359.000002022,358.999990682,0.134089813,0.000125201,0.150000006,12.000000000,801,0.747201493,"laser_frame",true,235.690413715,1,FULL_REVOLUTION
1785679179.777467966,23,1066,1066,-3.124139309,3.141592741,0.005883316,6.265732050,6.265731587,359.000002022,358.999975475,0.134188026,0.000125998,0.150000006,12.000000000,789,0.740150094,"laser_frame",true,190.031828021,1,FULL_REVOLUTION
1785679179.924872160,24,1063,1063,-3.124139309,3.141592741,0.005899936,6.265732050,6.265731990,359.000002022,358.999998606,0.146277890,0.000137738,0.150000006,12.000000000,791,0.744120414,"laser_frame",true,153.382511098,1,FULL_REVOLUTION
1785679180.063194275,25,1061,1061,-3.124139309,3.141592741,0.005911068,6.265732050,6.265731649,359.000002022,358.999979076,0.137249351,0.000129481,0.150000006,12.000000000,799,0.753063148,"laser_frame",true,124.150093333,1,FULL_REVOLUTION
1785679180.194974422,26,1060,1060,-3.124139309,3.141592741,0.005916649,6.265732050,6.265731795,359.000002022,358.999987401,0.130619004,0.000123342,0.150000006,12.000000000,793,0.748113208,"laser_frame",true,100.389883032,1,FULL_REVOLUTION
1785679180.330164909,27,1060,1060,-3.124139309,3.141592741,0.005916649,6.265732050,6.265731795,359.000002022,358.999987401,0.134141549,0.000126668,0.150000006,12.000000000,793,0.748113208,"laser_frame",true,82.804719397,1,FULL_REVOLUTION
1785679180.465305805,28,1059,1059,-3.124139309,3.141592741,0.005922242,6.265732050,6.265731615,359.000002022,358.999977102,0.133794442,0.000126460,0.150000006,12.000000000,787,0.743153919,"laser_frame",true,67.727205809,1,FULL_REVOLUTION
1785679180.601153851,29,1059,1059,-3.124139309,3.141592741,0.005922242,6.265732050,6.265731615,359.000002022,358.999977102,0.134770215,0.000127382,0.150000006,12.000000000,787,0.743153919,"laser_frame",true,55.654610679,1,FULL_REVOLUTION
1785679180.735579491,30,1061,1061,-3.124139309,3.141592741,0.005911068,6.265732050,6.265731649,359.000002022,358.999979076,0.132893160,0.000125371,0.150000006,12.000000000,787,0.741753063,"laser_frame",true,46.011900868,1,FULL_REVOLUTION
1785679180.870700598,31,1060,1060,-3.124139309,3.141592741,0.005916649,6.265732050,6.265731795,359.000002022,358.999987401,0.134100169,0.000126629,0.150000006,12.000000000,802,0.756603774,"laser_frame",true,38.289582818,1,FULL_REVOLUTION
1785679181.006193876,32,1059,1059,-3.124139309,3.141592741,0.005922242,6.265732050,6.265731615,359.000002022,358.999977102,0.134430215,0.000127061,0.150000006,12.000000000,800,0.755429651,"laser_frame",true,32.106898543,1,FULL_REVOLUTION
1785679181.140823841,33,1061,1061,-3.124139309,3.141592741,0.005911068,6.265732050,6.265731649,359.000002022,358.999979076,0.133545145,0.000125986,0.150000006,12.000000000,793,0.747408106,"laser_frame",true,27.154402171,1,FULL_REVOLUTION
1785679181.275683403,34,1064,1064,-3.124139309,3.141592741,0.005894386,6.265732050,6.265732046,359.000002022,359.000001781,0.133947700,0.000126009,0.150000006,12.000000000,793,0.745300752,"laser_frame",true,23.225102364,1,FULL_REVOLUTION
1785679181.413383245,35,1064,1064,-3.124139309,3.141592741,0.005894386,6.265732050,6.265732046,359.000002022,359.000001781,0.136828363,0.000128719,0.150000006,12.000000000,794,0.746240602,"laser_frame",true,20.030479694,1,FULL_REVOLUTION
1785679181.546980858,36,1071,1071,-3.124139309,3.141592741,0.005855824,6.265732050,6.265732036,359.000002022,359.000001221,0.132396221,0.000123735,0.150000006,12.000000000,795,0.742296919,"laser_frame",true,17.521606829,1,FULL_REVOLUTION
1785679181.681059361,37,1074,1074,-3.124139309,3.141592741,0.005839452,6.265732050,6.265731655,359.000002022,358.999979370,0.132687986,0.000123661,0.150000006,12.000000000,798,0.743016760,"laser_frame",true,15.493945213,1,FULL_REVOLUTION
1785679181.829082966,38,1078,1078,-3.124139309,3.141592741,0.005817764,6.265732050,6.265731799,359.000002022,358.999987641,0.145742089,0.000135322,0.150000006,12.000000000,803,0.744897959,"laser_frame",true,13.746108927,1,FULL_REVOLUTION
1785679181.977813244,39,1079,1079,-3.124139309,3.141592741,0.005812367,6.265732050,6.265731581,359.000002022,358.999975181,0.137651369,0.000127691,0.150000006,12.000000000,812,0.752548656,"laser_frame",true,12.305349356,1,FULL_REVOLUTION
1785679182.098923206,40,1080,1080,-3.124139309,3.141592741,0.005806980,6.265732050,6.265731624,359.000002022,358.999977609,0.115239441,0.000106802,0.150000006,12.000000000,804,0.744444444,"laser_frame",true,11.574958862,1,FULL_REVOLUTION
1785679182.234281778,41,1082,1082,-3.124139309,3.141592741,0.005796236,6.265732050,6.265731604,359.000002022,358.999976488,0.134494811,0.000124417,0.150000006,12.000000000,803,0.742144177,"laser_frame",true,10.737888182,1,FULL_REVOLUTION
1785679182.381530046,42,1080,1080,-3.124139309,3.141592741,0.005806980,6.265732050,6.265731624,359.000002022,358.999977609,0.145336226,0.000134695,0.150000006,12.000000000,817,0.756481481,"laser_frame",true,9.939343957,1,FULL_REVOLUTION
1785679182.516496420,43,1077,1077,-3.124139309,3.141592741,0.005823171,6.265732050,6.265731744,359.000002022,358.999984519,0.132800043,0.000123420,0.150000006,12.000000000,817,0.758588672,"laser_frame",true,9.444236315,1,FULL_REVOLUTION
1785679182.652500391,44,1075,1075,-3.124139309,3.141592741,0.005834015,6.265732050,6.265731703,359.000002022,358.999982118,0.133858755,0.000124636,0.150000006,12.000000000,803,0.746976744,"laser_frame",true,9.021496325,1,FULL_REVOLUTION
1785679182.786667585,45,1072,1072,-3.124139309,3.141592741,0.005850357,6.265732050,6.265731852,359.000002022,358.999990682,0.132649109,0.000123855,0.150000006,12.000000000,810,0.755597015,"laser_frame",true,8.710408335,1,FULL_REVOLUTION
1785679182.922086477,46,1075,1075,-3.124139309,3.141592741,0.005834015,6.265732050,6.265731703,359.000002022,358.999982118,0.134300321,0.000125047,0.150000006,12.000000000,814,0.757209302,"laser_frame",true,8.439208323,1,FULL_REVOLUTION
1785679183.069059372,47,1073,1073,-3.124139309,3.141592741,0.005844899,6.265732050,6.265731715,359.000002022,358.999982812,0.144170761,0.000134488,0.150000006,12.000000000,802,0.747437092,"laser_frame",true,8.107709259,1,FULL_REVOLUTION
1785679183.204040766,48,1068,1068,-3.124139309,3.141592741,0.005872288,6.265732050,6.265731566,359.000002022,358.999974301,0.134002775,0.000125588,0.150000006,12.000000000,802,0.750936330,"laser_frame",true,7.581678417,1,FULL_REVOLUTION
1785679183.339192629,49,1065,1065,-3.124139309,3.141592741,0.005888846,6.265732050,6.265731901,359.000002022,358.999993484,0.134136498,0.000126068,0.150000006,12.000000000,799,0.750234742,"laser_frame",true,8.380226513,1,FULL_REVOLUTION
1785679183.474327087,50,1063,1063,-3.124139309,3.141592741,0.005899936,6.265732050,6.265731990,359.000002022,358.999998606,0.134046718,0.000126221,0.150000006,12.000000000,790,0.743179680,"laser_frame",true,8.185068099,1,FULL_REVOLUTION
1785679183.609334707,51,1060,1060,-3.124139309,3.141592741,0.005916649,6.265732050,6.265731795,359.000002022,358.999987401,0.133746311,0.000126295,0.150000006,12.000000000,787,0.742452830,"laser_frame",true,8.029619093,1,FULL_REVOLUTION
1785679183.744574308,52,1059,1059,-3.124139309,3.141592741,0.005922242,6.265732050,6.265731615,359.000002022,358.999977102,0.133848965,0.000126511,0.150000006,12.000000000,795,0.750708215,"laser_frame",true,7.899663032,1,FULL_REVOLUTION
1785679183.879614115,53,1058,1058,-3.124139309,3.141592741,0.005927844,6.265732050,6.265731572,359.000002022,358.999974621,0.133375466,0.000126183,0.150000006,12.000000000,797,0.753308129,"laser_frame",true,7.803482719,1,FULL_REVOLUTION
1785679184.014974833,54,1060,1060,-3.124139309,3.141592741,0.005916649,6.265732050,6.265731795,359.000002022,358.999987401,0.134248152,0.000126769,0.150000006,12.000000000,797,0.751886792,"laser_frame",true,7.719815093,1,FULL_REVOLUTION
1785679184.150035620,55,1058,1058,-3.124139309,3.141592741,0.005927844,6.265732050,6.265731572,359.000002022,358.999974621,0.133883655,0.000126664,0.150000006,12.000000000,794,0.750472590,"laser_frame",true,7.657111268,1,FULL_REVOLUTION
1785679184.284970999,56,1056,1056,-3.124139309,3.141592741,0.005939082,6.265732050,6.265731766,359.000002022,358.999985746,0.133875623,0.000126896,0.150000006,12.000000000,792,0.750000000,"laser_frame",true,7.607984034,1,FULL_REVOLUTION
1785679184.420022726,57,1058,1058,-3.124139309,3.141592741,0.005927844,6.265732050,6.265731572,359.000002022,358.999974621,0.134005725,0.000126779,0.150000006,12.000000000,801,0.757088847,"laser_frame",true,7.566963912,1,FULL_REVOLUTION
1785679184.555201054,58,1058,1058,-3.124139309,3.141592741,0.005927844,6.265732050,6.265731572,359.000002022,358.999974621,0.133580670,0.000126377,0.150000006,12.000000000,799,0.755198488,"laser_frame",true,7.532529257,1,FULL_REVOLUTION
1785679184.690238237,59,1058,1058,-3.124139309,3.141592741,0.005927844,6.265732050,6.265731572,359.000002022,358.999974621,0.133929923,0.000126708,0.150000006,12.000000000,797,0.753308129,"laser_frame",true,7.507565849,1,FULL_REVOLUTION
1785679184.825396776,60,1058,1058,-3.124139309,3.141592741,0.005927844,6.265732050,6.265731572,359.000002022,358.999974621,0.134036258,0.000126808,0.150000006,12.000000000,796,0.752362949,"laser_frame",true,7.482195543,1,FULL_REVOLUTION
1785679184.961437702,61,1060,1060,-3.124139309,3.141592741,0.005916649,6.265732050,6.265731795,359.000002022,358.999987401,0.135049626,0.000127526,0.150000006,12.000000000,798,0.752830189,"laser_frame",true,7.454197797,1,FULL_REVOLUTION
1785679185.095630646,62,1060,1060,-3.124139309,3.141592741,0.005916649,6.265732050,6.265731795,359.000002022,358.999987401,0.132031053,0.000124675,0.150000006,12.000000000,791,0.746226415,"laser_frame",true,7.459129778,1,FULL_REVOLUTION
1785679185.230732918,63,1061,1061,-3.124139309,3.141592741,0.005911068,6.265732050,6.265731649,359.000002022,358.999979076,0.134033993,0.000126447,0.150000006,12.000000000,790,0.744580584,"laser_frame",true,7.447981592,1,FULL_REVOLUTION
1785679185.365875483,64,1059,1059,-3.124139309,3.141592741,0.005922242,6.265732050,6.265731615,359.000002022,358.999977102,0.134119034,0.000126767,0.150000006,12.000000000,794,0.749763928,"laser_frame",true,7.438292452,1,FULL_REVOLUTION
1785679185.501038790,65,1061,1061,-3.124139309,3.141592741,0.005911068,6.265732050,6.265731649,359.000002022,358.999979076,0.134067208,0.000126478,0.150000006,12.000000000,788,0.742695570,"laser_frame",true,7.430031301,1,FULL_REVOLUTION
1785679185.635998249,66,1062,1062,-3.124139309,3.141592741,0.005905496,6.265732050,6.265731704,359.000002022,358.999982198,0.133980811,0.000126278,0.150000006,12.000000000,790,0.743879473,"laser_frame",true,7.424775898,1,FULL_REVOLUTION
1785679185.771022320,67,1065,1065,-3.124139309,3.141592741,0.005888846,6.265732050,6.265731901,359.000002022,358.999993484,0.133758515,0.000125713,0.150000006,12.000000000,793,0.744600939,"laser_frame",true,7.421819176,1,FULL_REVOLUTION
1785679185.919248581,68,1065,1065,-3.124139309,3.141592741,0.005888846,6.265732050,6.265731901,359.000002022,358.999993484,0.147180170,0.000138327,0.150000006,12.000000000,794,0.745539906,"laser_frame",true,7.286935956,1,FULL_REVOLUTION
1785679186.053535938,69,1069,1069,-3.124139309,3.141592741,0.005866790,6.265732050,6.265731923,359.000002022,358.999994764,0.128824204,0.000120622,0.150000006,12.000000000,804,0.752104771,"laser_frame",true,7.318396469,1,FULL_REVOLUTION
1785679186.192252874,70,1070,1070,-3.124139309,3.141592741,0.005861302,6.265732050,6.265731738,359.000002022,358.999984146,0.137537017,0.000128660,0.150000006,12.000000000,804,0.751401869,"laser_frame",true,7.295839721,1,FULL_REVOLUTION
1785679186.323855877,71,1070,1070,-3.124139309,3.141592741,0.005861302,6.265732050,6.265731738,359.000002022,358.999984146,0.129666239,0.000121297,0.150000006,12.000000000,802,0.749532710,"laser_frame",true,7.357613668,1,FULL_REVOLUTION
1785679186.458892345,72,1071,1071,-3.124139309,3.141592741,0.005855824,6.265732050,6.265732036,359.000002022,359.000001221,0.133651376,0.000124908,0.150000006,12.000000000,810,0.756302521,"laser_frame",true,7.365342373,1,FULL_REVOLUTION
1785679186.593993902,73,1070,1070,-3.124139309,3.141592741,0.005861302,6.265732050,6.265731738,359.000002022,358.999984146,0.132733569,0.000124166,0.150000006,12.000000000,809,0.756074766,"laser_frame",true,7.373977130,1,FULL_REVOLUTION
1785679186.729007721,74,1070,1070,-3.124139309,3.141592741,0.005861302,6.265732050,6.265731738,359.000002022,358.999984146,0.134006411,0.000125357,0.150000006,12.000000000,817,0.763551402,"laser_frame",true,7.380979270,1,FULL_REVOLUTION
1785679186.876294613,75,1069,1069,-3.124139309,3.141592741,0.005866790,6.265732050,6.265731923,359.000002022,358.999994764,0.145481423,0.000136219,0.150000006,12.000000000,792,0.740879326,"laser_frame",true,7.263060752,1,FULL_REVOLUTION
1785679187.013188362,76,1070,1070,-3.124139309,3.141592741,0.005861302,6.265732050,6.265731738,359.000002022,358.999984146,0.135916337,0.000127143,0.150000006,12.000000000,795,0.742990654,"laser_frame",true,7.271800512,1,FULL_REVOLUTION
1785679187.146642923,77,1071,1071,-3.124139309,3.141592741,0.005855824,6.265732050,6.265732036,359.000002022,359.000001221,0.132534623,0.000123864,0.150000006,12.000000000,803,0.749766573,"laser_frame",true,7.315284978,1,FULL_REVOLUTION
1785679187.281779051,78,1068,1068,-3.124139309,3.141592741,0.005872288,6.265732050,6.265731566,359.000002022,358.999974301,0.133223429,0.000124858,0.150000006,12.000000000,797,0.746254682,"laser_frame",true,7.332689590,1,FULL_REVOLUTION
1785679187.418071747,79,1069,1069,-3.124139309,3.141592741,0.005866790,6.265732050,6.265731923,359.000002022,358.999994764,0.134975985,0.000126382,0.150000006,12.000000000,803,0.751169317,"laser_frame",true,7.332787335,1,FULL_REVOLUTION
1785679187.552212715,80,1069,1069,-3.124139309,3.141592741,0.005866790,6.265732050,6.265731923,359.000002022,358.999994764,0.130747542,0.000122423,0.150000006,12.000000000,804,0.752104771,"laser_frame",true,7.356445570,1,FULL_REVOLUTION
1785679187.687154531,81,1066,1066,-3.124139309,3.141592741,0.005883316,6.265732050,6.265731587,359.000002022,358.999975475,0.133849367,0.000125680,0.150000006,12.000000000,797,0.747654784,"laser_frame",true,7.368801135,1,FULL_REVOLUTION
1785679187.822133303,82,1062,1062,-3.124139309,3.141592741,0.005905496,6.265732050,6.265731704,359.000002022,358.999982198,0.133921310,0.000126222,0.150000006,12.000000000,788,0.741996234,"laser_frame",true,7.376534988,1,FULL_REVOLUTION
1785679187.969597578,83,1061,1061,-3.124139309,3.141592741,0.005911068,6.265732050,6.265731649,359.000002022,358.999979076,0.146492586,0.000138201,0.150000006,12.000000000,785,0.739868049,"laser_frame",true,7.250073042,1,FULL_REVOLUTION
1785679188.104785681,84,1063,1063,-3.124139309,3.141592741,0.005899936,6.265732050,6.265731990,359.000002022,358.999998606,0.134006947,0.000126184,0.150000006,12.000000000,793,0.746001881,"laser_frame",true,7.288176636,1,FULL_REVOLUTION
1785679188.239915848,85,1065,1065,-3.124139309,3.141592741,0.005888846,6.265732050,6.265731901,359.000002022,358.999993484,0.134102672,0.000126036,0.150000006,12.000000000,794,0.745539906,"laser_frame",true,7.309935409,1,FULL_REVOLUTION
1785679188.375031471,86,1063,1063,-3.124139309,3.141592741,0.005899936,6.265732050,6.265731990,359.000002022,358.999998606,0.133934900,0.000126116,0.150000006,12.000000000,780,0.733772342,"laser_frame",true,7.326177704,1,FULL_REVOLUTION
1785679188.511720657,87,1063,1063,-3.124139309,3.141592741,0.005899936,6.265732050,6.265731990,359.000002022,358.999998606,0.135462835,0.000127554,0.150000006,12.000000000,788,0.741298213,"laser_frame",true,7.321088090,1,FULL_REVOLUTION
1785679188.645186186,88,1061,1061,-3.124139309,3.141592741,0.005911068,6.265732050,6.265731649,359.000002022,358.999979076,0.131324515,0.000123891,0.150000006,12.000000000,795,0.749293120,"laser_frame",true,6.578140725,1,FULL_REVOLUTION
1785679188.790490866,89,1060,1060,-3.124139309,3.141592741,0.005916649,6.265732050,6.265731795,359.000002022,358.999987401,0.000010148,0.000000010,0.150000006,12.000000000,787,0.742452830,"laser_frame",true,74.790100432,1,FULL_REVOLUTION
1785679188.915290356,90,1059,1059,-3.124139309,3.141592741,0.005922242,6.265732050,6.265731615,359.000002022,358.999977102,0.122170724,0.000115473,0.150000006,12.000000000,795,0.750708215,"laser_frame",true,61.460550591,1,FULL_REVOLUTION
1785679189.050727367,91,1059,1059,-3.124139309,3.141592741,0.005922242,6.265732050,6.265731615,359.000002022,358.999977102,0.134458482,0.000127087,0.150000006,12.000000000,783,0.739376771,"laser_frame",true,50.642963984,1,FULL_REVOLUTION
1785679189.185404062,92,1065,1065,-3.124139309,3.141592741,0.005888846,6.265732050,6.265731901,359.000002022,358.999993484,0.133547679,0.000125515,0.150000006,12.000000000,798,0.749295775,"laser_frame",true,42.001081859,1,FULL_REVOLUTION
1785679189.320436716,93,1062,1062,-3.124139309,3.141592741,0.005905496,6.265732050,6.265731704,359.000002022,358.999982198,0.134088963,0.000126380,0.150000006,12.000000000,796,0.749529190,"laser_frame",true,35.079655932,1,FULL_REVOLUTION
1785679189.455707312,94,1066,1066,-3.124139309,3.141592741,0.005883316,6.265732050,6.265731587,359.000002022,358.999975475,0.134162962,0.000125975,0.150000006,12.000000000,793,0.743902439,"laser_frame",true,29.544779990,1,FULL_REVOLUTION
1785679189.591035128,95,1068,1068,-3.124139309,3.141592741,0.005872288,6.265732050,6.265731566,359.000002022,358.999974301,0.134292275,0.000125860,0.150000006,12.000000000,787,0.736891386,"laser_frame",true,25.113637093,1,FULL_REVOLUTION
1785679189.725847006,96,1068,1068,-3.124139309,3.141592741,0.005872288,6.265732050,6.265731566,359.000002022,358.999974301,0.132994607,0.000124643,0.150000006,12.000000000,796,0.745318352,"laser_frame",true,21.574710490,1,FULL_REVOLUTION
1785679189.873207569,97,1068,1068,-3.124139309,3.141592741,0.005872288,6.265732050,6.265731566,359.000002022,358.999974301,0.146387368,0.000137195,0.150000006,12.000000000,793,0.742509363,"laser_frame",true,18.616319854,1,FULL_REVOLUTION
1785679190.008389711,98,1066,1066,-3.124139309,3.141592741,0.005883316,6.265732050,6.265731587,359.000002022,358.999975475,0.134051457,0.000125870,0.150000006,12.000000000,795,0.745778612,"laser_frame",true,16.373161010,1,FULL_REVOLUTION
1785679190.143522024,99,1063,1063,-3.124139309,3.141592741,0.005899936,6.265732050,6.265731990,359.000002022,358.999998606,0.132162333,0.000124447,0.150000006,12.000000000,786,0.739416745,"laser_frame",true,14.576272550,1,FULL_REVOLUTION
1785679190.279507875,100,1063,1063,-3.124139309,3.141592741,0.005899936,6.265732050,6.265731990,359.000002022,358.999998606,0.134078026,0.000126250,0.150000006,12.000000000,794,0.746942615,"laser_frame",true,13.131377634,1,FULL_REVOLUTION
1785679190.413796902,101,1064,1064,-3.124139309,3.141592741,0.005894386,6.265732050,6.265732046,359.000002022,359.000001781,0.133193702,0.000125300,0.150000006,12.000000000,794,0.746240602,"laser_frame",true,11.992473702,1,FULL_REVOLUTION
1785679190.548877001,102,1070,1070,-3.124139309,3.141592741,0.005861302,6.265732050,6.265731738,359.000002022,358.999984146,0.133145913,0.000124552,0.150000006,12.000000000,800,0.747663551,"laser_frame",true,11.060667617,1,FULL_REVOLUTION
1785679190.684214830,103,1073,1073,-3.124139309,3.141592741,0.005844899,6.265732050,6.265731715,359.000002022,358.999982812,0.134164691,0.000125154,0.150000006,12.000000000,803,0.748369059,"laser_frame",true,10.343427582,1,FULL_REVOLUTION
1785679190.819162130,104,1076,1076,-3.124139309,3.141592741,0.005828588,6.265732050,6.265731889,359.000002022,358.999992817,0.133339942,0.000124037,0.150000006,12.000000000,801,0.744423792,"laser_frame",true,9.745681812,1,FULL_REVOLUTION
1785679190.966292620,105,1077,1077,-3.124139309,3.141592741,0.005823171,6.265732050,6.265731744,359.000002022,358.999984519,0.143756077,0.000133602,0.150000006,12.000000000,814,0.755803157,"laser_frame",true,9.152816335,1,FULL_REVOLUTION
1785679191.101374149,106,1078,1078,-3.124139309,3.141592741,0.005817764,6.265732050,6.265731799,359.000002022,358.999987641,0.132336080,0.000122875,0.150000006,12.000000000,804,0.745825603,"laser_frame",true,8.819160916,1,FULL_REVOLUTION
1785679191.236515999,107,1078,1078,-3.124139309,3.141592741,0.005817764,6.265732050,6.265731799,359.000002022,358.999987641,0.133856401,0.000124286,0.150000006,12.000000000,801,0.743042672,"laser_frame",true,8.535977881,1,FULL_REVOLUTION
1785679191.371581078,108,1074,1074,-3.124139309,3.141592741,0.005839452,6.265732050,6.265731655,359.000002022,358.999979370,0.134075135,0.000124954,0.150000006,12.000000000,797,0.742085661,"laser_frame",true,8.309139001,1,FULL_REVOLUTION
1785679191.506936312,109,1067,1067,-3.124139309,3.141592741,0.005877797,6.265732050,6.265731630,359.000002022,358.999977956,0.133449346,0.000125187,0.150000006,12.000000000,797,0.746954077,"laser_frame",true,8.125503354,1,FULL_REVOLUTION
1785679191.654207706,110,1065,1065,-3.124139309,3.141592741,0.005888846,6.265732050,6.265731901,359.000002022,358.999993484,0.146182299,0.000137389,0.150000006,12.000000000,796,0.747417840,"laser_frame",true,7.858081543,1,FULL_REVOLUTION
1785679191.789264917,111,1063,1063,-3.124139309,3.141592741,0.005899936,6.265732050,6.265731990,359.000002022,358.999998606,0.134067729,0.000126241,0.150000006,12.000000000,783,0.736594544,"laser_frame",true,7.767358022,1,FULL_REVOLUTION
1785679191.924475431,112,1060,1060,-3.124139309,3.141592741,0.005916649,6.265732050,6.265731795,359.000002022,358.999987401,0.134063050,0.000126594,0.150000006,12.000000000,796,0.750943396,"laser_frame",true,7.692610255,1,FULL_REVOLUTION
1785679192.061083078,113,1060,1060,-3.124139309,3.141592741,0.005916649,6.265732050,6.265731795,359.000002022,358.999987401,0.135195002,0.000127663,0.150000006,12.000000000,784,0.739622642,"laser_frame",true,7.604910174,1,FULL_REVOLUTION
1785679192.194564342,114,1061,1061,-3.124139309,3.141592741,0.005911068,6.265732050,6.265731649,359.000002022,358.999979076,0.130505890,0.000123119,0.150000006,12.000000000,789,0.743638077,"laser_frame",true,7.595396401,1,FULL_REVOLUTION
1785679192.329549074,115,1061,1061,-3.124139309,3.141592741,0.005911068,6.265732050,6.265731649,359.000002022,358.999979076,0.133328021,0.000125781,0.150000006,12.000000000,793,0.747408106,"laser_frame",true,6.991079791,1,FULL_REVOLUTION
1785679192.465094090,116,1059,1059,-3.124139309,3.141592741,0.005922242,6.265732050,6.265731615,359.000002022,358.999977102,0.134599507,0.000127221,0.150000006,12.000000000,790,0.745986780,"laser_frame",true,9.329851851,1,FULL_REVOLUTION
1785679192.599966288,117,1063,1063,-3.124139309,3.141592741,0.005899936,6.265732050,6.265731990,359.000002022,358.999998606,0.133751392,0.000125943,0.150000006,12.000000000,789,0.742238946,"laser_frame",true,8.965969383,1,FULL_REVOLUTION
1785679192.735029459,118,1063,1063,-3.124139309,3.141592741,0.005899936,6.265732050,6.265731990,359.000002022,358.999998606,0.134121031,0.000126291,0.150000006,12.000000000,790,0.743179680,"laser_frame",true,8.646412349,1,FULL_REVOLUTION
1785679192.870177269,119,1071,1071,-3.124139309,3.141592741,0.005855824,6.265732050,6.265732036,359.000002022,359.000001221,0.134219542,0.000125439,0.150000006,12.000000000,809,0.755368814,"laser_frame",true,8.384352328,1,FULL_REVOLUTION
1785679193.005470514,120,1075,1075,-3.124139309,3.141592741,0.005834015,6.265732050,6.265731703,359.000002022,358.999982118,0.134166628,0.000124922,0.150000006,12.000000000,802,0.746046512,"laser_frame",true,8.172272575,1,FULL_REVOLUTION
1785679193.152762175,121,1078,1078,-3.124139309,3.141592741,0.005817764,6.265732050,6.265731799,359.000002022,358.999987641,0.143839777,0.000133556,0.150000006,12.000000000,813,0.754174397,"laser_frame",true,7.898734826,1,FULL_REVOLUTION
1785679193.288772345,122,1081,1081,-3.124139309,3.141592741,0.005801604,6.265732050,6.265731957,359.000002022,358.999996685,0.131257743,0.000121535,0.150000006,12.000000000,813,0.752081406,"laser_frame",true,7.801232215,1,FULL_REVOLUTION
1785679193.422795296,123,1082,1082,-3.124139309,3.141592741,0.005796236,6.265732050,6.265731604,359.000002022,358.999976488,0.127798408,0.000118222,0.150000006,12.000000000,813,0.751386322,"laser_frame",true,7.679559284,1,FULL_REVOLUTION
1785679193.557981730,124,1080,1080,-3.124139309,3.141592741,0.005806980,6.265732050,6.265731624,359.000002022,358.999977609,0.126713976,0.000117436,0.150000006,12.000000000,809,0.749074074,"laser_frame",true,7.699511146,1,FULL_REVOLUTION
1785679193.705406666,125,1073,1073,-3.124139309,3.141592741,0.005844899,6.265732050,6.265731715,359.000002022,358.999982812,0.145726368,0.000135939,0.150000006,12.000000000,799,0.744641193,"laser_frame",true,7.516363350,1,FULL_REVOLUTION
1785679193.840404510,126,1068,1068,-3.124139309,3.141592741,0.005872288,6.265732050,6.265731566,359.000002022,358.999974301,0.133938864,0.000125528,0.150000006,12.000000000,804,0.752808989,"laser_frame",true,7.494863236,1,FULL_REVOLUTION
1785679193.975448608,127,1065,1065,-3.124139309,3.141592741,0.005888846,6.265732050,6.265731901,359.000002022,358.999993484,0.133979782,0.000125921,0.150000006,12.000000000,799,0.750234742,"laser_frame",true,7.476070565,1,FULL_REVOLUTION
1785679194.111244440,128,1061,1061,-3.124139309,3.141592741,0.005911068,6.265732050,6.265731649,359.000002022,358.999979076,0.134681717,0.000127058,0.150000006,12.000000000,793,0.747408106,"laser_frame",true,7.443182865,1,FULL_REVOLUTION
1785679194.245579243,129,1060,1060,-3.124139309,3.141592741,0.005916649,6.265732050,6.265731795,359.000002022,358.999987401,0.132408068,0.000125031,0.150000006,12.000000000,787,0.742452830,"laser_frame",true,7.454891998,1,FULL_REVOLUTION
1785679194.380785942,130,1061,1061,-3.124139309,3.141592741,0.005911068,6.265732050,6.265731649,359.000002022,358.999979076,0.134145573,0.000126552,0.150000006,12.000000000,789,0.743638077,"laser_frame",true,7.443155322,1,FULL_REVOLUTION
1785679194.515999794,131,1062,1062,-3.124139309,3.141592741,0.005905496,6.265732050,6.265731704,359.000002022,358.999982198,0.134192660,0.000126478,0.150000006,12.000000000,790,0.743879473,"laser_frame",true,7.433520860,1,FULL_REVOLUTION
1785679194.651049614,132,1062,1062,-3.124139309,3.141592741,0.005905496,6.265732050,6.265731704,359.000002022,358.999982198,0.134041116,0.000126335,0.150000006,12.000000000,799,0.752354049,"laser_frame",true,7.427946275,1,FULL_REVOLUTION
1785679194.786152363,133,1063,1063,-3.124139309,3.141592741,0.005899936,6.265732050,6.265731990,359.000002022,358.999998606,0.134176672,0.000126343,0.150000006,12.000000000,800,0.752587018,"laser_frame",true,7.422629919,1,FULL_REVOLUTION
1785679194.921340704,134,1067,1067,-3.124139309,3.141592741,0.005877797,6.265732050,6.265731630,359.000002022,358.999977956,0.134106874,0.000125804,0.150000006,12.000000000,789,0.739456420,"laser_frame",true,7.417316885,1,FULL_REVOLUTION
1785679195.056278706,135,1066,1066,-3.124139309,3.141592741,0.005883316,6.265732050,6.265731587,359.000002022,358.999975475,0.133997068,0.000125819,0.150000006,12.000000000,785,0.736397749,"laser_frame",true,7.413274758,1,FULL_REVOLUTION
1785679195.192413092,136,1068,1068,-3.124139309,3.141592741,0.005872288,6.265732050,6.265731566,359.000002022,358.999974301,0.133997142,0.000125583,0.150000006,12.000000000,796,0.745318352,"laser_frame",true,7.392030843,1,FULL_REVOLUTION
1785679195.339905024,137,1068,1068,-3.124139309,3.141592741,0.005872288,6.265732050,6.265731566,359.000002022,358.999974301,0.146009058,0.000136841,0.150000006,12.000000000,801,0.750000000,"laser_frame",true,7.278944418,1,FULL_REVOLUTION
1785679195.473848581,138,1070,1070,-3.124139309,3.141592741,0.005861302,6.265732050,6.265731738,359.000002022,358.999984146,0.132928252,0.000124348,0.150000006,12.000000000,810,0.757009346,"laser_frame",true,7.316619966,1,FULL_REVOLUTION
1785679195.609062195,139,1070,1070,-3.124139309,3.141592741,0.005861302,6.265732050,6.265731738,359.000002022,358.999984146,0.134270161,0.000125604,0.150000006,12.000000000,803,0.750467290,"laser_frame",true,7.331497631,1,FULL_REVOLUTION
1785679195.745203733,140,1070,1070,-3.124139309,3.141592741,0.005861302,6.265732050,6.265731738,359.000002022,358.999984146,0.135075718,0.000126357,0.150000006,12.000000000,801,0.748598131,"laser_frame",true,7.329964765,1,FULL_REVOLUTION
1785679195.880238295,141,1070,1070,-3.124139309,3.141592741,0.005861302,6.265732050,6.265731738,359.000002022,358.999984146,0.131828070,0.000123319,0.150000006,12.000000000,797,0.744859813,"laser_frame",true,7.339812510,1,FULL_REVOLUTION
1785679196.014871359,142,1070,1070,-3.124139309,3.141592741,0.005861302,6.265732050,6.265731738,359.000002022,358.999984146,0.133651689,0.000125025,0.150000006,12.000000000,805,0.752336449,"laser_frame",true,7.367492085,1,FULL_REVOLUTION
1785679196.151129007,143,1070,1070,-3.124139309,3.141592741,0.005861302,6.265732050,6.265731738,359.000002022,358.999984146,0.135347381,0.000126611,0.150000006,12.000000000,798,0.745794393,"laser_frame",true,7.339470485,1,FULL_REVOLUTION
1785679196.297396660,144,1073,1073,-3.124139309,3.141592741,0.005844899,6.265732050,6.265731715,359.000002022,358.999982812,0.142779872,0.000133190,0.150000006,12.000000000,793,0.739049394,"laser_frame",true,7.247874519,1,FULL_REVOLUTION
1785679196.431902409,145,1075,1075,-3.124139309,3.141592741,0.005834015,6.265732050,6.265731703,359.000002022,358.999982118,0.132894382,0.000123738,0.150000006,12.000000000,808,0.751627907,"laser_frame",true,7.297911178,1,FULL_REVOLUTION
1785679196.567045927,146,1077,1077,-3.124139309,3.141592741,0.005823171,6.265732050,6.265731744,359.000002022,358.999984519,0.132974759,0.000123582,0.150000006,12.000000000,801,0.743732591,"laser_frame",true,7.317672575,1,FULL_REVOLUTION
1785679196.702249050,147,1073,1073,-3.124139309,3.141592741,0.005844899,6.265732050,6.265731715,359.000002022,358.999982812,0.134122774,0.000125115,0.150000006,12.000000000,797,0.742777260,"laser_frame",true,7.333892351,1,FULL_REVOLUTION
1785679196.837279558,148,1068,1068,-3.124139309,3.141592741,0.005872288,6.265732050,6.265731566,359.000002022,358.999974301,0.134000301,0.000125586,0.150000006,12.000000000,798,0.747191011,"laser_frame",true,7.348544159,1,FULL_REVOLUTION
1785679196.972324610,149,1064,1064,-3.124139309,3.141592741,0.005894386,6.265732050,6.265732046,359.000002022,359.000001781,0.133446261,0.000125537,0.150000006,12.000000000,792,0.744360902,"laser_frame",true,7.360175171,1,FULL_REVOLUTION
1785679197.107522488,150,1062,1062,-3.124139309,3.141592741,0.005905496,6.265732050,6.265731704,359.000002022,358.999982198,0.134191766,0.000126477,0.150000006,12.000000000,786,0.740112994,"laser_frame",true,7.367598070,1,FULL_REVOLUTION
1785679197.255032301,151,1061,1061,-3.124139309,3.141592741,0.005911068,6.265732050,6.265731649,359.000002022,358.999979076,0.146581098,0.000138284,0.150000006,12.000000000,796,0.750235627,"laser_frame",true,7.236109646,1,FULL_REVOLUTION
1785679197.390274763,152,1067,1067,-3.124139309,3.141592741,0.005877797,6.265732050,6.265731630,359.000002022,358.999977956,0.132692367,0.000124477,0.150000006,12.000000000,802,0.751640112,"laser_frame",true,7.282094455,1,FULL_REVOLUTION
1785679197.525062323,153,1065,1065,-3.124139309,3.141592741,0.005888846,6.265732050,6.265731901,359.000002022,358.999993484,0.133177578,0.000125167,0.150000006,12.000000000,798,0.749295775,"laser_frame",true,7.311514902,1,FULL_REVOLUTION
1785679197.660255909,154,1069,1069,-3.124139309,3.141592741,0.005866790,6.265732050,6.265731923,359.000002022,358.999994764,0.134269297,0.000125720,0.150000006,12.000000000,811,0.758652947,"laser_frame",true,7.313862174,1,FULL_REVOLUTION
1785679197.795196772,155,1072,1072,-3.124139309,3.141592741,0.005850357,6.265732050,6.265731852,359.000002022,358.999990682,0.132518739,0.000123734,0.150000006,12.000000000,801,0.747201493,"laser_frame",true,7.346031443,1,FULL_REVOLUTION
1785679197.930465937,156,1072,1072,-3.124139309,3.141592741,0.005850357,6.265732050,6.265731852,359.000002022,358.999990682,0.134174317,0.000125279,0.150000006,12.000000000,795,0.741604478,"laser_frame",true,7.327020025,1,FULL_REVOLUTION
1785679198.065581083,157,1072,1072,-3.124139309,3.141592741,0.005850357,6.265732050,6.265731852,359.000002022,358.999990682,0.134101927,0.000125212,0.150000006,12.000000000,798,0.744402985,"laser_frame",true,7.366129983,1,FULL_REVOLUTION
1785679198.213190317,158,1071,1071,-3.124139309,3.141592741,0.005855824,6.265732050,6.265732036,359.000002022,359.000001221,0.145943537,0.000136396,0.150000006,12.000000000,803,0.749766573,"laser_frame",true,7.225791211,1,FULL_REVOLUTION
1785679198.347866058,159,1069,1069,-3.124139309,3.141592741,0.005866790,6.265732050,6.265731923,359.000002022,358.999994764,0.131707579,0.000123322,0.150000006,12.000000000,794,0.742750234,"laser_frame",true,7.298491205,1,FULL_REVOLUTION
1785679198.484238863,160,1073,1073,-3.124139309,3.141592741,0.005844899,6.265732050,6.265731715,359.000002022,358.999982812,0.135436550,0.000126340,0.150000006,12.000000000,799,0.744641193,"laser_frame",true,7.285985124,1,FULL_REVOLUTION
1785679198.618304729,161,1076,1076,-3.124139309,3.141592741,0.005828588,6.265732050,6.265731889,359.000002022,358.999992817,0.130461514,0.000121360,0.150000006,12.000000000,804,0.747211896,"laser_frame",true,7.308576659,1,FULL_REVOLUTION
1785679198.753326654,162,1077,1077,-3.124139309,3.141592741,0.005823171,6.265732050,6.265731744,359.000002022,358.999984519,0.131727979,0.000122424,0.150000006,12.000000000,795,0.738161560,"laser_frame",true,7.357618964,1,FULL_REVOLUTION
1785679198.900639772,163,1078,1078,-3.124139309,3.141592741,0.005817764,6.265732050,6.265731799,359.000002022,358.999987641,0.143302292,0.000133057,0.150000006,12.000000000,798,0.740259740,"laser_frame",true,7.246173188,1,FULL_REVOLUTION
1785679199.035565138,164,1076,1076,-3.124139309,3.141592741,0.005828588,6.265732050,6.265731889,359.000002022,358.999992817,0.133142799,0.000123854,0.150000006,12.000000000,803,0.746282528,"laser_frame",true,7.280318714,1,FULL_REVOLUTION
1785679199.170792341,165,1077,1077,-3.124139309,3.141592741,0.005823171,6.265732050,6.265731744,359.000002022,358.999984519,0.134219617,0.000124739,0.150000006,12.000000000,813,0.754874652,"laser_frame",true,7.301175220,1,FULL_REVOLUTION
1785679199.305788279,166,1075,1075,-3.124139309,3.141592741,0.005834015,6.265732050,6.265731703,359.000002022,358.999982118,0.133856922,0.000124634,0.150000006,12.000000000,807,0.750697674,"laser_frame",true,7.326526078,1,FULL_REVOLUTION
1785679199.441025734,167,1069,1069,-3.124139309,3.141592741,0.005866790,6.265732050,6.265731923,359.000002022,358.999994764,0.134214699,0.000125669,0.150000006,12.000000000,799,0.747427502,"laser_frame",true,7.339481597,1,FULL_REVOLUTION
1785679199.576110363,168,1066,1066,-3.124139309,3.141592741,0.005883316,6.265732050,6.265731587,359.000002022,358.999975475,0.134142116,0.000125955,0.150000006,12.000000000,806,0.756097561,"laser_frame",true,7.352326794,1,FULL_REVOLUTION
1785679199.711919069,169,1063,1063,-3.124139309,3.141592741,0.005899936,6.265732050,6.265731990,359.000002022,358.999998606,0.134846315,0.000126974,0.150000006,12.000000000,802,0.754468485,"laser_frame",true,7.353670970,1,FULL_REVOLUTION
1785679199.860849380,170,1064,1064,-3.124139309,3.141592741,0.005894386,6.265732050,6.265732046,359.000002022,359.000001781,0.147823244,0.000139062,0.150000006,12.000000000,800,0.751879699,"laser_frame",true,7.211387803,1,FULL_REVOLUTION
1785679199.993685007,171,1063,1063,-3.124139309,3.141592741,0.005899936,6.265732050,6.265731990,359.000002022,358.999998606,0.131659076,0.000123973,0.150000006,12.000000000,810,0.761994356,"laser_frame",true,7.292985784,1,FULL_REVOLUTION
1785679200.128714561,172,1061,1061,-3.124139309,3.141592741,0.005911068,6.265732050,6.265731649,359.000002022,358.999979076,0.133568332,0.000126008,0.150000006,12.000000000,806,0.759660697,"laser_frame",true,7.316005056,1,FULL_REVOLUTION
1785679200.264243603,173,1061,1061,-3.124139309,3.141592741,0.005911068,6.265732050,6.265731649,359.000002022,358.999979076,0.134593487,0.000126975,0.150000006,12.000000000,792,0.746465598,"laser_frame",true,7.313137337,1,FULL_REVOLUTION
1785679200.399201632,174,1062,1062,-3.124139309,3.141592741,0.005905496,6.265732050,6.265731704,359.000002022,358.999982198,0.133459255,0.000125786,0.150000006,12.000000000,795,0.748587571,"laser_frame",true,7.348713905,1,FULL_REVOLUTION
1785679200.534140110,175,1068,1068,-3.124139309,3.141592741,0.005872288,6.265732050,6.265731566,359.000002022,358.999974301,0.131857187,0.000123577,0.150000006,12.000000000,796,0.745318352,"laser_frame",true,7.355125285,1,FULL_REVOLUTION
1785679200.669211149,176,1073,1073,-3.124139309,3.141592741,0.005844899,6.265732050,6.265731715,359.000002022,358.999982812,0.132623956,0.000123716,0.150000006,12.000000000,802,0.747437092,"laser_frame",true,7.366064523,1,FULL_REVOLUTION
1785679200.804283381,177,1073,1073,-3.124139309,3.141592741,0.005844899,6.265732050,6.265731715,359.000002022,358.999982812,0.134122998,0.000125115,0.150000006,12.000000000,800,0.745573159,"laser_frame",true,7.377072488,1,FULL_REVOLUTION
1785679200.939410210,178,1074,1074,-3.124139309,3.141592741,0.005839452,6.265732050,6.265731655,359.000002022,358.999979370,0.134028256,0.000124910,0.150000006,12.000000000,798,0.743016760,"laser_frame",true,7.382096267,1,FULL_REVOLUTION
1785679201.088299990,179,1073,1073,-3.124139309,3.141592741,0.005844899,6.265732050,6.265731715,359.000002022,358.999982812,0.147780061,0.000137855,0.150000006,12.000000000,802,0.747437092,"laser_frame",true,7.238382163,1,FULL_REVOLUTION
1785679201.221878052,180,1071,1071,-3.124139309,3.141592741,0.005855824,6.265732050,6.265732036,359.000002022,359.000001221,0.129904628,0.000121406,0.150000006,12.000000000,796,0.743230626,"laser_frame",true,7.302498763,1,FULL_REVOLUTION
1785679201.356913328,181,1072,1072,-3.124139309,3.141592741,0.005850357,6.265732050,6.265731852,359.000002022,358.999990682,0.134106830,0.000125216,0.150000006,12.000000000,804,0.750000000,"laser_frame",true,7.316120607,1,FULL_REVOLUTION
1785679201.492056370,182,1076,1076,-3.124139309,3.141592741,0.005828588,6.265732050,6.265731889,359.000002022,358.999992817,0.134260625,0.000124894,0.150000006,12.000000000,796,0.739776952,"laser_frame",true,7.329874093,1,FULL_REVOLUTION
1785679201.627200365,183,1076,1076,-3.124139309,3.141592741,0.005828588,6.265732050,6.265731889,359.000002022,358.999992817,0.132883132,0.000123612,0.150000006,12.000000000,811,0.753717472,"laser_frame",true,7.354236306,1,FULL_REVOLUTION
1785679201.774746656,184,1075,1075,-3.124139309,3.141592741,0.005834015,6.265732050,6.265731703,359.000002022,358.999982118,0.146505460,0.000136411,0.150000006,12.000000000,812,0.755348837,"laser_frame",true,7.236848830,1,FULL_REVOLUTION
1785679201.910840273,185,1072,1072,-3.124139309,3.141592741,0.005850357,6.265732050,6.265731852,359.000002022,358.999990682,0.134854406,0.000125914,0.150000006,12.000000000,808,0.753731343,"laser_frame",true,7.239083760,1,FULL_REVOLUTION
1785679202.044884682,186,1066,1066,-3.124139309,3.141592741,0.005883316,6.265732050,6.265731587,359.000002022,358.999975475,0.132008284,0.000123951,0.150000006,12.000000000,811,0.760787992,"laser_frame",true,7.297283336,1,FULL_REVOLUTION
1785679202.179922104,187,1064,1064,-3.124139309,3.141592741,0.005894386,6.265732050,6.265732046,359.000002022,359.000001781,0.134001836,0.000126060,0.150000006,12.000000000,798,0.750000000,"laser_frame",true,7.327865965,1,FULL_REVOLUTION
1785679202.315811634,188,1064,1064,-3.124139309,3.141592741,0.005894386,6.265732050,6.265732046,359.000002022,359.000001781,0.134947956,0.000126950,0.150000006,12.000000000,801,0.752819549,"laser_frame",true,7.328637115,1,FULL_REVOLUTION
1785679202.450062037,189,1067,1067,-3.124139309,3.141592741,0.005877797,6.265732050,6.265731630,359.000002022,358.999977956,0.133071035,0.000124832,0.150000006,12.000000000,801,0.750702905,"laser_frame",true,7.357759516,1,FULL_REVOLUTION
1785679202.585089207,190,1069,1069,-3.124139309,3.141592741,0.005866790,6.265732050,6.265731923,359.000002022,358.999994764,0.134070277,0.000125534,0.150000006,12.000000000,809,0.756782039,"laser_frame",true,7.367656173,1,FULL_REVOLUTION
1785679202.720321894,191,1069,1069,-3.124139309,3.141592741,0.005866790,6.265732050,6.265731923,359.000002022,358.999994764,0.134311736,0.000125760,0.150000006,12.000000000,805,0.753040225,"laser_frame",true,7.370905434,1,FULL_REVOLUTION
1785679202.867690325,192,1071,1071,-3.124139309,3.141592741,0.005855824,6.265732050,6.265732036,359.000002022,359.000001221,0.145737097,0.000136203,0.150000006,12.000000000,798,0.745098039,"laser_frame",true,7.255013482,1,FULL_REVOLUTION
1785679203.002907276,193,1073,1073,-3.124139309,3.141592741,0.005844899,6.265732050,6.265731715,359.000002022,358.999982812,0.134268522,0.000125250,0.150000006,12.000000000,804,0.749301025,"laser_frame",true,7.261631671,1,FULL_REVOLUTION
1785679203.137787580,194,1072,1072,-3.124139309,3.141592741,0.005850357,6.265732050,6.265731852,359.000002022,358.999990682,0.131440833,0.000122727,0.150000006,12.000000000,802,0.748134328,"laser_frame",true,7.316306613,1,FULL_REVOLUTION
1785679203.274087667,195,1074,1074,-3.124139309,3.141592741,0.005839452,6.265732050,6.265731655,359.000002022,358.999979370,0.134022266,0.000124904,0.150000006,12.000000000,808,0.752327747,"laser_frame",true,7.300612596,1,FULL_REVOLUTION
1785679203.408249855,196,1069,1069,-3.124139309,3.141592741,0.005866790,6.265732050,6.265731923,359.000002022,358.999994764,0.129724160,0.000121465,0.150000006,12.000000000,793,0.741814780,"laser_frame",true,7.317349939,1,FULL_REVOLUTION
1785679203.543393373,197,1069,1069,-3.124139309,3.141592741,0.005866790,6.265732050,6.265731923,359.000002022,358.999994764,0.131229207,0.000122874,0.150000006,12.000000000,799,0.747427502,"laser_frame",true,7.354151455,1,FULL_REVOLUTION
1785679203.678373575,198,1072,1072,-3.124139309,3.141592741,0.005850357,6.265732050,6.265731852,359.000002022,358.999990682,0.132678062,0.000123882,0.150000006,12.000000000,805,0.750932836,"laser_frame",true,7.375469985,1,FULL_REVOLUTION
1785679203.825708866,199,1074,1074,-3.124139309,3.141592741,0.005839452,6.265732050,6.265731655,359.000002022,358.999979370,0.145217001,0.000135337,0.150000006,12.000000000,805,0.749534451,"laser_frame",true,7.260458619,1,FULL_REVOLUTION
1785679203.960891247,200,1071,1071,-3.124139309,3.141592741,0.005855824,6.265732050,6.265732036,359.000002022,359.000001221,0.134206414,0.000125427,0.150000006,12.000000000,802,0.748832866,"laser_frame",true,7.287744778,1,FULL_REVOLUTION
1785679204.096890926,201,1067,1067,-3.124139309,3.141592741,0.005877797,6.265732050,6.265731630,359.000002022,358.999977956,0.134301946,0.000125987,0.150000006,12.000000000,790,0.740393627,"laser_frame",true,7.276265071,1,FULL_REVOLUTION
1785679204.231764555,202,1071,1071,-3.124139309,3.141592741,0.005855824,6.265732050,6.265732036,359.000002022,359.000001221,0.131331891,0.000122740,0.150000006,12.000000000,796,0.743230626,"laser_frame",true,6.347921853,1,FULL_REVOLUTION
1785679204.366059065,203,1073,1073,-3.124139309,3.141592741,0.005844899,6.265732050,6.265731715,359.000002022,358.999982812,0.133277118,0.000124326,0.150000006,12.000000000,803,0.748369059,"laser_frame",true,454.516539729,1,FULL_REVOLUTION
1785679204.501266479,204,1072,1072,-3.124139309,3.141592741,0.005850357,6.265732050,6.265731852,359.000002022,358.999990682,0.133283228,0.000124447,0.150000006,12.000000000,808,0.753731343,"laser_frame",true,372.339481985,1,FULL_REVOLUTION
1785679204.648705482,205,1067,1067,-3.124139309,3.141592741,0.005877797,6.265732050,6.265731630,359.000002022,358.999977956,0.143708423,0.000134811,0.150000006,12.000000000,798,0.747891284,"laser_frame",true,299.235444958,1,FULL_REVOLUTION
1785679204.783800364,206,1062,1062,-3.124139309,3.141592741,0.005905496,6.265732050,6.265731704,359.000002022,358.999982198,0.134062946,0.000126355,0.150000006,12.000000000,797,0.750470810,"laser_frame",true,240.868801947,1,FULL_REVOLUTION
1785679204.918946028,207,1061,1061,-3.124139309,3.141592741,0.005911068,6.265732050,6.265731649,359.000002022,358.999979076,0.134131685,0.000126539,0.150000006,12.000000000,800,0.754005655,"laser_frame",true,194.174706044,1,FULL_REVOLUTION
1785679205.053961992,208,1062,1062,-3.124139309,3.141592741,0.005905496,6.265732050,6.265731704,359.000002022,358.999982198,0.133950099,0.000126249,0.150000006,12.000000000,806,0.758945386,"laser_frame",true,156.821592680,1,FULL_REVOLUTION
1785679205.189010382,209,1061,1061,-3.124139309,3.141592741,0.005911068,6.265732050,6.265731649,359.000002022,358.999979076,0.133994803,0.000126410,0.150000006,12.000000000,797,0.751178134,"laser_frame",true,126.938695688,1,FULL_REVOLUTION
1785679205.324008465,210,1060,1060,-3.124139309,3.141592741,0.005916649,6.265732050,6.265731795,359.000002022,358.999987401,0.134056494,0.000126588,0.150000006,12.000000000,803,0.757547170,"laser_frame",true,103.032625216,1,FULL_REVOLUTION
1785679205.461393595,211,1060,1060,-3.124139309,3.141592741,0.005916649,6.265732050,6.265731795,359.000002022,358.999987401,0.136407450,0.000128808,0.150000006,12.000000000,804,0.758490566,"laser_frame",true,83.875182440,1,FULL_REVOLUTION
1785679205.594210625,212,1060,1060,-3.124139309,3.141592741,0.005916649,6.265732050,6.265731795,359.000002022,358.999987401,0.130653664,0.000123375,0.150000006,12.000000000,798,0.752830189,"laser_frame",true,68.612009679,1,FULL_REVOLUTION
1785679205.729478121,213,1066,1066,-3.124139309,3.141592741,0.005883316,6.265732050,6.265731587,359.000002022,358.999975475,0.134203970,0.000126013,0.150000006,12.000000000,786,0.737335835,"laser_frame",true,56.364786224,1,FULL_REVOLUTION
1785679205.864520550,214,1070,1070,-3.124139309,3.141592741,0.005861302,6.265732050,6.265731738,359.000002022,358.999984146,0.133840144,0.000125201,0.150000006,12.000000000,793,0.741121495,"laser_frame",true,46.577037950,1,FULL_REVOLUTION
1785679206.001224756,215,1070,1070,-3.124139309,3.141592741,0.005861302,6.265732050,6.265731738,359.000002022,358.999984146,0.135713592,0.000126954,0.150000006,12.000000000,807,0.754205607,"laser_frame",true,38.712033811,1,FULL_REVOLUTION
1785679206.134814501,216,1071,1071,-3.124139309,3.141592741,0.005855824,6.265732050,6.265732036,359.000002022,359.000001221,0.132453889,0.000123789,0.150000006,12.000000000,799,0.746031746,"laser_frame",true,32.474736485,1,FULL_REVOLUTION
1785679206.283659458,217,1073,1073,-3.124139309,3.141592741,0.005844899,6.265732050,6.265731715,359.000002022,358.999982812,0.146224096,0.000136403,0.150000006,12.000000000,801,0.746505126,"laser_frame",true,27.320848345,1,FULL_REVOLUTION
1785679206.417250633,218,1072,1072,-3.124139309,3.141592741,0.005850357,6.265732050,6.265731852,359.000002022,358.999990682,0.132056266,0.000123302,0.150000006,12.000000000,801,0.747201493,"laser_frame",true,23.362412182,1,FULL_REVOLUTION
1785679206.552320957,219,1071,1071,-3.124139309,3.141592741,0.005855824,6.265732050,6.265732036,359.000002022,359.000001221,0.134068802,0.000125298,0.150000006,12.000000000,794,0.741363212,"laser_frame",true,20.170179100,1,FULL_REVOLUTION
1785679206.687539101,220,1067,1067,-3.124139309,3.141592741,0.005877797,6.265732050,6.265731630,359.000002022,358.999977956,0.134134531,0.000125830,0.150000006,12.000000000,796,0.746016870,"laser_frame",true,17.615823366,1,FULL_REVOLUTION
1785679206.822627306,221,1064,1064,-3.124139309,3.141592741,0.005894386,6.265732050,6.265732046,359.000002022,359.000001781,0.134087384,0.000126141,0.150000006,12.000000000,796,0.748120301,"laser_frame",true,15.568589341,1,FULL_REVOLUTION
1785679206.958106995,222,1065,1065,-3.124139309,3.141592741,0.005888846,6.265732050,6.265731901,359.000002022,358.999993484,0.133017808,0.000125017,0.150000006,12.000000000,796,0.747417840,"laser_frame",true,13.877498354,1,FULL_REVOLUTION
1785679207.092863083,223,1065,1065,-3.124139309,3.141592741,0.005888846,6.265732050,6.265731901,359.000002022,358.999993484,0.133736074,0.000125692,0.150000006,12.000000000,792,0.743661972,"laser_frame",true,12.642835576,1,FULL_REVOLUTION
1785679207.229086161,224,1065,1065,-3.124139309,3.141592741,0.005888846,6.265732050,6.265731901,359.000002022,358.999993484,0.134685278,0.000126584,0.150000006,12.000000000,793,0.744600939,"laser_frame",true,11.585167737,1,FULL_REVOLUTION
1785679207.375193357,225,1072,1072,-3.124139309,3.141592741,0.005850357,6.265732050,6.265731852,359.000002022,358.999990682,0.142289653,0.000132857,0.150000006,12.000000000,796,0.742537313,"laser_frame",true,10.639492406,1,FULL_REVOLUTION
1785679207.510851383,226,1076,1076,-3.124139309,3.141592741,0.005828588,6.265732050,6.265731889,359.000002022,358.999992817,0.132460669,0.000123219,0.150000006,12.000000000,802,0.745353160,"laser_frame",true,9.971312197,1,FULL_REVOLUTION
1785679207.645714283,227,1074,1074,-3.124139309,3.141592741,0.005839452,6.265732050,6.265731655,359.000002022,358.999979370,0.131018996,0.000122105,0.150000006,12.000000000,799,0.743947858,"laser_frame",true,9.464510467,1,FULL_REVOLUTION
1785679207.780564785,228,1074,1074,-3.124139309,3.141592741,0.005839452,6.265732050,6.265731655,359.000002022,358.999979370,0.133590460,0.000124502,0.150000006,12.000000000,798,0.743016760,"laser_frame",true,9.062767656,1,FULL_REVOLUTION
1785679207.915748358,229,1073,1073,-3.124139309,3.141592741,0.005844899,6.265732050,6.265731715,359.000002022,358.999982812,0.133907422,0.000124914,0.150000006,12.000000000,805,0.750232992,"laser_frame",true,8.731670619,1,FULL_REVOLUTION
1785679208.050850391,230,1067,1067,-3.124139309,3.141592741,0.005877797,6.265732050,6.265731630,359.000002022,358.999977956,0.134000778,0.000125704,0.150000006,12.000000000,792,0.742268041,"laser_frame",true,8.466112721,1,FULL_REVOLUTION
1785679208.198129177,231,1064,1064,-3.124139309,3.141592741,0.005894386,6.265732050,6.265732046,359.000002022,359.000001781,0.146235272,0.000137568,0.150000006,12.000000000,801,0.752819549,"laser_frame",true,8.130998088,1,FULL_REVOLUTION
1785679208.333183765,232,1063,1063,-3.124139309,3.141592741,0.005899936,6.265732050,6.265731990,359.000002022,358.999998606,0.133517012,0.000125722,0.150000006,12.000000000,802,0.754468485,"laser_frame",true,7.986152742,1,FULL_REVOLUTION
1785679208.468298197,233,1062,1062,-3.124139309,3.141592741,0.005905496,6.265732050,6.265731704,359.000002022,358.999982198,0.134113595,0.000126403,0.150000006,12.000000000,798,0.751412429,"laser_frame",true,7.868889602,1,FULL_REVOLUTION
1785679208.603776932,234,1061,1061,-3.124139309,3.141592741,0.005911068,6.265732050,6.265731649,359.000002022,358.999979076,0.133995697,0.000126411,0.150000006,12.000000000,795,0.749293120,"laser_frame",true,7.770633999,1,FULL_REVOLUTION
1785679208.738634825,235,1061,1061,-3.124139309,3.141592741,0.005911068,6.265732050,6.265731649,359.000002022,358.999979076,0.133833289,0.000126258,0.150000006,12.000000000,802,0.755890669,"laser_frame",true,7.700068722,1,FULL_REVOLUTION
1785679208.873772621,236,1062,1062,-3.124139309,3.141592741,0.005905496,6.265732050,6.265731704,359.000002022,358.999982198,0.134053618,0.000126346,0.150000006,12.000000000,795,0.748587571,"laser_frame",true,7.640379415,1,FULL_REVOLUTION
1785679209.010518312,237,1061,1061,-3.124139309,3.141592741,0.005911068,6.265732050,6.265731649,359.000002022,358.999979076,0.135842025,0.000128153,0.150000006,12.000000000,799,0.753063148,"laser_frame",true,7.565497168,1,FULL_REVOLUTION
1785679209.147249460,238,1064,1064,-3.124139309,3.141592741,0.005894386,6.265732050,6.265732046,359.000002022,359.000001781,0.135058403,0.000127054,0.150000006,12.000000000,794,0.746240602,"laser_frame",true,7.523182633,1,FULL_REVOLUTION
1785679209.278998852,239,1069,1069,-3.124139309,3.141592741,0.005866790,6.265732050,6.265731923,359.000002022,358.999994764,0.130199715,0.000121910,0.150000006,12.000000000,806,0.753975678,"laser_frame",true,7.536052021,1,FULL_REVOLUTION
1785679209.414455652,240,1070,1070,-3.124139309,3.141592741,0.005861302,6.265732050,6.265731738,359.000002022,358.999984146,0.134413794,0.000125738,0.150000006,12.000000000,803,0.750467290,"laser_frame",true,7.506833701,1,FULL_REVOLUTION
1785679209.549067259,241,1070,1070,-3.124139309,3.141592741,0.005861302,6.265732050,6.265731738,359.000002022,358.999984146,0.133326143,0.000124720,0.150000006,12.000000000,794,0.742056075,"laser_frame",true,7.491396037,1,FULL_REVOLUTION
1785679209.696565866,242,1071,1071,-3.124139309,3.141592741,0.005855824,6.265732050,6.265732036,359.000002022,359.000001221,0.146413669,0.000136835,0.150000006,12.000000000,801,0.747899160,"laser_frame",true,7.345397280,1,FULL_REVOLUTION
1785679209.831721067,243,1071,1071,-3.124139309,3.141592741,0.005855824,6.265732050,6.265732036,359.000002022,359.000001221,0.133842975,0.000125087,0.150000006,12.000000000,795,0.742296919,"laser_frame",true,7.360546249,1,FULL_REVOLUTION
1785679209.966717243,244,1070,1070,-3.124139309,3.141592741,0.005861302,6.265732050,6.265731738,359.000002022,358.999984146,0.133946642,0.000125301,0.150000006,12.000000000,789,0.737383178,"laser_frame",true,7.352789580,1,FULL_REVOLUTION
1785679210.101961136,245,1068,1068,-3.124139309,3.141592741,0.005872288,6.265732050,6.265731566,359.000002022,358.999974301,0.134262040,0.000125831,0.150000006,12.000000000,795,0.744382022,"laser_frame",true,7.376686821,1,FULL_REVOLUTION
1785679210.237022638,246,1066,1066,-3.124139309,3.141592741,0.005883316,6.265732050,6.265731587,359.000002022,358.999975475,0.134136766,0.000125950,0.150000006,12.000000000,795,0.745778612,"laser_frame",true,7.293054325,1,FULL_REVOLUTION
1785679210.372226954,247,1069,1069,-3.124139309,3.141592741,0.005866790,6.265732050,6.265731923,359.000002022,358.999994764,0.134324357,0.000125772,0.150000006,12.000000000,795,0.743685688,"laser_frame",true,7.407361078,1,FULL_REVOLUTION
1785679210.508272648,248,1076,1076,-3.124139309,3.141592741,0.005828588,6.265732050,6.265731889,359.000002022,358.999992817,0.133982375,0.000124635,0.150000006,12.000000000,802,0.745353160,"laser_frame",true,7.376249473,1,FULL_REVOLUTION
1785679210.654581785,249,1078,1078,-3.124139309,3.141592741,0.005817764,6.265732050,6.265731799,359.000002022,358.999987641,0.142486155,0.000132299,0.150000006,12.000000000,814,0.755102041,"laser_frame",true,7.293248592,1,FULL_REVOLUTION
1785679210.789817333,250,1074,1074,-3.124139309,3.141592741,0.005839452,6.265732050,6.265731655,359.000002022,358.999979370,0.134089857,0.000124967,0.150000006,12.000000000,805,0.749534451,"laser_frame",true,7.313349027,1,FULL_REVOLUTION
1785679210.924838066,251,1066,1066,-3.124139309,3.141592741,0.005883316,6.265732050,6.265731587,359.000002022,358.999975475,0.133640707,0.000125484,0.150000006,12.000000000,817,0.766416510,"laser_frame",true,7.330689014,1,FULL_REVOLUTION
1785679211.059888840,252,1068,1068,-3.124139309,3.141592741,0.005872288,6.265732050,6.265731566,359.000002022,358.999974301,0.133832037,0.000125428,0.150000006,12.000000000,806,0.754681648,"laser_frame",true,7.345075134,1,FULL_REVOLUTION
1785679211.195132256,253,1071,1071,-3.124139309,3.141592741,0.005855824,6.265732050,6.265732036,359.000002022,359.000001221,0.134112850,0.000125339,0.150000006,12.000000000,806,0.752567694,"laser_frame",true,7.356483360,1,FULL_REVOLUTION
1785679211.330191612,254,1068,1068,-3.124139309,3.141592741,0.005872288,6.265732050,6.265731566,359.000002022,358.999974301,0.134042352,0.000125625,0.150000006,12.000000000,793,0.742509363,"laser_frame",true,7.365889627,1,FULL_REVOLUTION
1785679211.465268135,255,1064,1064,-3.124139309,3.141592741,0.005894386,6.265732050,6.265732046,359.000002022,359.000001781,0.134062245,0.000126117,0.150000006,12.000000000,802,0.753759398,"laser_frame",true,7.373165200,1,FULL_REVOLUTION
1785679211.612569332,256,1061,1061,-3.124139309,3.141592741,0.005911068,6.265732050,6.265731649,359.000002022,358.999979076,0.146268889,0.000137990,0.150000006,12.000000000,789,0.743638077,"laser_frame",true,7.244626966,1,FULL_REVOLUTION
1785679211.747709274,257,1060,1060,-3.124139309,3.141592741,0.005916649,6.265732050,6.265731795,359.000002022,358.999987401,0.132310346,0.000124939,0.150000006,12.000000000,785,0.740566038,"laser_frame",true,7.284606137,1,FULL_REVOLUTION
1785679211.883062840,258,1061,1061,-3.124139309,3.141592741,0.005911068,6.265732050,6.265731649,359.000002022,358.999979076,0.133781940,0.000126209,0.150000006,12.000000000,787,0.741753063,"laser_frame",true,7.309576600,1,FULL_REVOLUTION
1785679212.017906666,259,1060,1060,-3.124139309,3.141592741,0.005916649,6.265732050,6.265731795,359.000002022,358.999987401,0.133102089,0.000125687,0.150000006,12.000000000,797,0.751886792,"laser_frame",true,7.331805470,1,FULL_REVOLUTION
1785679212.153138876,260,1061,1061,-3.124139309,3.141592741,0.005911068,6.265732050,6.265731649,359.000002022,358.999979076,0.134162605,0.000126568,0.150000006,12.000000000,795,0.749293120,"laser_frame",true,7.343464379,1,FULL_REVOLUTION
1785679212.288567305,261,1060,1060,-3.124139309,3.141592741,0.005916649,6.265732050,6.265731795,359.000002022,358.999987401,0.134310976,0.000126828,0.150000006,12.000000000,792,0.747169811,"laser_frame",true,7.344736646,1,FULL_REVOLUTION
1785679212.423232794,262,1063,1063,-3.124139309,3.141592741,0.005899936,6.265732050,6.265731990,359.000002022,358.999998606,0.133580044,0.000125782,0.150000006,12.000000000,800,0.752587018,"laser_frame",true,7.360411919,1,FULL_REVOLUTION
1785679212.558243513,263,1068,1068,-3.124139309,3.141592741,0.005872288,6.265732050,6.265731566,359.000002022,358.999974301,0.134045795,0.000125629,0.150000006,12.000000000,799,0.748127341,"laser_frame",true,7.377745999,1,FULL_REVOLUTION
1785679212.693238974,264,1068,1068,-3.124139309,3.141592741,0.005872288,6.265732050,6.265731566,359.000002022,358.999974301,0.134091049,0.000125671,0.150000006,12.000000000,795,0.744382022,"laser_frame",true,7.384017332,1,FULL_REVOLUTION
1785679212.828317404,265,1068,1068,-3.124139309,3.141592741,0.005872288,6.265732050,6.265731566,359.000002022,358.999974301,0.133337423,0.000124965,0.150000006,12.000000000,791,0.740636704,"laser_frame",true,7.387705709,1,FULL_REVOLUTION
1785679212.963454485,266,1069,1069,-3.124139309,3.141592741,0.005866790,6.265732050,6.265731923,359.000002022,358.999994764,0.133732691,0.000125218,0.150000006,12.000000000,811,0.758652947,"laser_frame",true,7.388803776,1,FULL_REVOLUTION
1785679213.098550320,267,1069,1069,-3.124139309,3.141592741,0.005866790,6.265732050,6.265731923,359.000002022,358.999994764,0.134124219,0.000125584,0.150000006,12.000000000,805,0.753040225,"laser_frame",true,7.392808661,1,FULL_REVOLUTION
1785679213.246364355,268,1071,1071,-3.124139309,3.141592741,0.005855824,6.265732050,6.265732036,359.000002022,359.000001221,0.146859154,0.000137252,0.150000006,12.000000000,803,0.749766573,"laser_frame",true,7.263506354,1,FULL_REVOLUTION
1785679213.381343126,269,1077,1077,-3.124139309,3.141592741,0.005823171,6.265732050,6.265731744,359.000002022,358.999984519,0.133000091,0.000123606,0.150000006,12.000000000,819,0.760445682,"laser_frame",true,7.260356469,1,FULL_REVOLUTION
1785679213.516371965,270,1076,1076,-3.124139309,3.141592741,0.005828588,6.265732050,6.265731889,359.000002022,358.999992817,0.131984487,0.000122776,0.150000006,12.000000000,813,0.755576208,"laser_frame",true,7.328037314,1,FULL_REVOLUTION
1785679213.651322126,271,1077,1077,-3.124139309,3.141592741,0.005823171,6.265732050,6.265731744,359.000002022,358.999984519,0.133891314,0.000124434,0.150000006,12.000000000,815,0.756731662,"laser_frame",true,7.344307719,1,FULL_REVOLUTION
1785679213.786314011,272,1075,1075,-3.124139309,3.141592741,0.005834015,6.265732050,6.265731703,359.000002022,358.999982118,0.133540094,0.000124339,0.150000006,12.000000000,812,0.755348837,"laser_frame",true,7.356910581,1,FULL_REVOLUTION
1785679213.933969498,273,1074,1074,-3.124139309,3.141592741,0.005839452,6.265732050,6.265731655,359.000002022,358.999979370,0.146610960,0.000136637,0.150000006,12.000000000,812,0.756052142,"laser_frame",true,7.239847220,1,FULL_REVOLUTION
1785679214.069097042,274,1070,1070,-3.124139309,3.141592741,0.005861302,6.265732050,6.265731738,359.000002022,358.999984146,0.134036407,0.000125385,0.150000006,12.000000000,810,0.757009346,"laser_frame",true,7.270765825,1,FULL_REVOLUTION
1785679214.204217672,275,1067,1067,-3.124139309,3.141592741,0.005877797,6.265732050,6.265731630,359.000002022,358.999977956,0.133968204,0.000125674,0.150000006,12.000000000,819,0.767572634,"laser_frame",true,7.294365508,1,FULL_REVOLUTION
1785679214.339278936,276,1064,1064,-3.124139309,3.141592741,0.005894386,6.265732050,6.265732046,359.000002022,359.000001781,0.133421347,0.000125514,0.150000006,12.000000000,800,0.751879699,"laser_frame",true,7.319005631,1,FULL_REVOLUTION
1785679214.474466085,277,1065,1065,-3.124139309,3.141592741,0.005888846,6.265732050,6.265731901,359.000002022,358.999993484,0.133387238,0.000125364,0.150000006,12.000000000,805,0.755868545,"laser_frame",true,7.336523228,1,FULL_REVOLUTION
1785679214.611299753,278,1066,1066,-3.124139309,3.141592741,0.005883316,6.265732050,6.265731587,359.000002022,358.999975475,0.135404050,0.000127140,0.150000006,12.000000000,802,0.752345216,"laser_frame",true,7.170736865,1,FULL_REVOLUTION
